{"cameraMode":{"drawMode":0,"name":"Shaded","section":"Shading Mode"},"sceneLighting":false,"audioPlay":false,"sceneViewState":{"showFog":true,"showMaterialUpdate":false,"showSkybox":false,"showFlares":true,"showImageEffects":true,"showParticleSystems":true,"showVisualEffectGraphs":true,"m_FxEnabled":true},"in2DMode":false,"pivot":{"x":-0.5225796699523926,"y":2.6004092693328859,"z":0.892521858215332},"rotation":{"x":0.031928639858961108,"y":0.7630049586296082,"z":-0.037799641489982608,"w":0.6444959044456482},"size":2.396562099456787,"orthographic":false}