{"cameraMode":{"drawMode":0,"name":"Shaded","section":"Shading Mode"},"sceneLighting":false,"audioPlay":false,"sceneViewState":{"m_AlwaysRefresh":false,"showFog":true,"showSkybox":false,"showFlares":true,"showImageEffects":true,"showParticleSystems":true,"showVisualEffectGraphs":true,"m_FxEnabled":true},"in2DMode":false,"pivot":{"x":0.4435223340988159,"y":5.5788421630859379,"z":-42.37752914428711},"rotation":{"x":0.0015865206951275468,"y":-0.9979076385498047,"z":-0.026950115337967874,"w":-0.05875043198466301},"size":4.110105037689209,"orthographic":true}