{"cameraMode":{"drawMode":0,"name":"Shaded","section":"Shading Mode"},"sceneLighting":false,"audioPlay":false,"sceneViewState":{"m_AlwaysRefresh":false,"showFog":true,"showSkybox":false,"showFlares":true,"showImageEffects":true,"showParticleSystems":true,"showVisualEffectGraphs":true,"m_FxEnabled":true},"in2DMode":false,"pivot":{"x":0.30866578221321108,"y":-0.32333749532699587,"z":-0.27340295910835268},"rotation":{"x":0.05184553563594818,"y":-0.9425532221794128,"z":0.17443886399269105,"w":0.2801395058631897},"size":1.2247449159622193,"orthographic":false}