{"cameraMode":{"drawMode":0,"name":"Shaded","section":"Shading Mode"},"sceneLighting":true,"audioPlay":false,"sceneViewState":{"m_AlwaysRefresh":false,"showFog":true,"showSkybox":true,"showFlares":true,"showImageEffects":true,"showParticleSystems":true,"showVisualEffectGraphs":true,"m_FxEnabled":true},"in2DMode":false,"pivot":{"x":0.5670323371887207,"y":36.02811813354492,"z":-30.493146896362306},"rotation":{"x":-0.07774839550256729,"y":0.0663413405418396,"z":-0.005183657631278038,"w":-0.9947539567947388},"size":20.29428482055664,"orthographic":false}