{"cameraMode":{"drawMode":0,"name":"Shaded","section":"Shading Mode"},"sceneLighting":false,"audioPlay":false,"sceneViewState":{"m_AlwaysRefresh":false,"showFog":true,"showSkybox":false,"showFlares":true,"showImageEffects":true,"showParticleSystems":true,"showVisualEffectGraphs":true,"m_FxEnabled":true},"in2DMode":false,"pivot":{"x":-14.890647888183594,"y":-20.989665985107423,"z":287.1119079589844},"rotation":{"x":0.35889461636543276,"y":-0.14750170707702638,"z":0.05755014717578888,"w":0.9198507070541382},"size":12.12435531616211,"orthographic":false}